{
  "builtInLibrariesFolders": "F:\\soft\\robotics\\arduino-1.8.1\\libraries",
  "customBuildProperties": "build.warn_data_percentage=75,runtime.tools.avrdude.path=F:\\soft\\robotics\\arduino-1.8.1\\hardware\\tools\\avr,runtime.tools.arduinoOTA.path=F:\\soft\\robotics\\arduino-1.8.1\\hardware\\tools\\avr,runtime.tools.avr-gcc.path=F:\\soft\\robotics\\arduino-1.8.1\\hardware\\tools\\avr",
  "fqbn": "arduino:avr:mega:cpu=atmega2560",
  "hardwareFolders": "F:\\soft\\robotics\\arduino-1.8.1\\hardware,C:\\Users\\opo\\AppData\\Local\\Arduino15\\packages,C:\\Users\\opo\\Documents\\Arduino\\hardware",
  "otherLibrariesFolders": "C:\\Users\\opo\\Documents\\Arduino\\libraries",
  "runtime.ide.version": "10801",
  "sketchLocation": "F:\\erc2018\\github\\manoeuvre\\manoeuvre.ino",
  "toolsFolders": "F:\\soft\\robotics\\arduino-1.8.1\\tools-builder,F:\\soft\\robotics\\arduino-1.8.1\\hardware\\tools\\avr,C:\\Users\\opo\\AppData\\Local\\Arduino15\\packages"
}